GEOID,Neighborhood,Area
2.50251E+11,South Boston,0.006
2.50251E+11,South Boston Waterfront,470051.778
2.50251E+11,Chinatown,0.001
2.50251E+11,Downtown,308629.811
2.50251E+11,Chinatown,0.001
2.50251E+11,Downtown,84345.289
2.50251E+11,Chinatown,0.003
2.50251E+11,Downtown,438743.825
2.50251E+11,South Boston,0.027
2.50251E+11,South Boston Waterfront,0.095
2.50251E+11,Downtown,0.003
2.50251E+11,South Boston,385708.13
2.50251E+11,South Boston Waterfront,894017.819
2.50251E+11,South End,60929.016
2.5025E+11,Back Bay,0.004
2.5025E+11,Fenway,67613.144
2.5025E+11,Jamaica Plain,0.022
2.50251E+11,South Boston Waterfront,432114.305
2.50251E+11,South Boston Waterfront,398224.065
2.50251E+11,South End,64776.484
2.50251E+11,South End,65178.168
2.50251E+11,South Boston,140332.223
2.50251E+11,South Boston Waterfront,0.033
2.50251E+11,South Boston Waterfront,151667.574
2.50251E+11,Roxbury,61234.585
2.50251E+11,South End,0.025
2.50251E+11,South End,49945.14
2.50251E+11,Roxbury,57690.043
2.50251E+11,South End,0.032
2.50251E+11,Dorchester,70844.518
2.50251E+11,Dorchester,66633.768
2.50251E+11,Dorchester,94929.607
2.50251E+11,Dorchester,124575.325
2.50251E+11,Dorchester,104106.755
2.50251E+11,Dorchester,105273.525
2.50251E+11,Dorchester,148733.959
2.50251E+11,Roxbury,0.004
2.50251E+11,Dorchester,164417.479
2.50251E+11,Dorchester,177351.886
2.50251E+11,Dorchester,62396.312
2.50251E+11,Dorchester,99545.696
2.50251E+11,Dorchester,118080.534
2.50251E+11,Dorchester,95530.003
2.50251E+11,Dorchester,54172.815
2.50251E+11,Dorchester,154577.457
2.5026E+11,Allston,0.089
2.5026E+11,Back Bay,0.052
2.5026E+11,Beacon Hill,0.057
2.5026E+11,Brighton,0.082
2.5026E+11,Fenway,2100787.035
2.5026E+11,West End,0.079
2.50251E+11,Dorchester,69070.576
2.50251E+11,Jamaica Plain,0
2.50251E+11,Roslindale,308729.773
2.50251E+11,Roslindale,59365.893
2.50251E+11,Hyde Park,238151.547
2.50251E+11,Dorchester,89287.635
2.50251E+11,Dorchester,188196.727
2.50251E+11,Dorchester,141177.343
2.50251E+11,Dorchester,171799.543
2.50251E+11,Dorchester,120375.611
2.50251E+11,Dorchester,180675.254
2.50251E+11,Dorchester,112771.321
2.50251E+11,Dorchester,227454.04
2.50251E+11,Dorchester,75916.181
2.50251E+11,Dorchester,186916.884
2.50251E+11,Dorchester,212642.4
2.50251E+11,Dorchester,174659.566
2.50251E+11,Dorchester,195404.191
2.5025E+11,Back Bay,39066.149
2.5026E+11,Dorchester,0.021
2.5026E+11,East Boston,0.39
2.5026E+11,Harbor Islands,1.07
2.5026E+11,South Boston,0.034
2.5025E+11,Fenway,146681.29
2.5025E+11,Jamaica Plain,0.004
2.5025E+11,Mission Hill,0.02
2.5025E+11,Fenway,0.033
2.5025E+11,Jamaica Plain,0.048
2.5025E+11,Longwood,360526.788
2.5025E+11,Back Bay,0.007
2.5025E+11,Fenway,25353.127
2.5025E+11,Fenway,240401.958
2.5025E+11,Roxbury,0.052
2.5025E+11,Back Bay,0.013
2.5025E+11,Fenway,39971.748
2.5025E+11,Roxbury,0.015
2.5025E+11,South End,0
2.5025E+11,Back Bay,125595
2.5025E+11,Back Bay,89292.56
2.5025E+11,South End,0.042
2.5025E+11,Beacon Hill,45472.467
2.50251E+11,Dorchester,127727.132
2.50251E+11,Dorchester,155379.466
2.50251E+11,Dorchester,60369.783
2.50251E+11,Dorchester,85544.933
2.50251E+11,Dorchester,190741.146
2.50251E+11,Dorchester,175595.444
2.50251E+11,Dorchester,282478.056
2.50251E+11,Dorchester,96672.81
2.50251E+11,Dorchester,129563.462
2.50251E+11,Dorchester,62363.957
2.50251E+11,Mattapan,0
2.50251E+11,Dorchester,137719.794
2.50251E+11,Dorchester,80952.965
2.50251E+11,Dorchester,131969.018
2.50251E+11,Mattapan,0
2.50251E+11,Dorchester,105784.949
2.50251E+11,Dorchester,106136.885
2.50251E+11,Dorchester,104361.91
2.50251E+11,Dorchester,140971.537
2.50251E+11,Dorchester,165420.529
2.50251E+11,Dorchester,108563.044
2.50251E+11,Dorchester,749158.194
2.50251E+11,Dorchester,134429.262
2.50251E+11,Dorchester,121299.828
2.5025E+11,Brighton,107461.041
2.50251E+11,Dorchester,174065.032
2.50251E+11,Mattapan,0.013
2.50251E+11,Dorchester,128655.396
2.50251E+11,Mattapan,0.009
2.50251E+11,Dorchester,182560.794
2.50251E+11,Dorchester,125028.687
2.50251E+11,Dorchester,187193.385
2.50251E+11,Dorchester,135026.98
2.50251E+11,Dorchester,245047.789
2.5025E+11,Beacon Hill,71200.804
2.5025E+11,Beacon Hill,45229.614
2.5025E+11,Beacon Hill,49070.112
2.5025E+11,West End,0.004
2.50251E+11,Dorchester,121559.363
2.50251E+11,Dorchester,0.05
2.50251E+11,Mattapan,166365.208
2.50252E+11,East Boston,0.004
2.5025E+11,Brighton,240993.317
2.5025E+11,Brighton,97530.925
2.5025E+11,Brighton,175300.68
2.50251E+11,Dorchester,931889.927
2.50251E+11,Dorchester,401125.971
2.50251E+11,Dorchester,191318.903
2.50251E+11,Dorchester,0.01
2.50251E+11,Mattapan,242944.931
2.50251E+11,Mattapan,368308.986
2.50251E+11,Dorchester,0.014
2.50251E+11,Mattapan,443670.841
2.50251E+11,Mattapan,142875.29
2.50251E+11,Mattapan,195263.465
2.50251E+11,Mattapan,205594.412
2.5025E+11,Brighton,54141.075
2.5025E+11,Brighton,123039.263
2.5025E+11,Brighton,347312.92
2.50251E+11,Hyde Park,352844.881
2.5025E+11,Brighton,142613.775
2.5025E+11,Brighton,80356.241
2.5025E+11,Downtown,0
2.5025E+11,North End,432265.127
2.5025E+11,Beacon Hill,76785.6
2.5025E+11,Downtown,0.039
2.5025E+11,West End,0
2.5025E+11,North End,32656.54
2.5025E+11,Downtown,0.003
2.5025E+11,North End,21385.845
2.5025E+11,Downtown,0.002
2.5025E+11,North End,32462.464
2.5025E+11,Charlestown,86081.795
2.50251E+11,Dorchester,0.005
2.50251E+11,Mattapan,192896.688
2.50251E+11,Dorchester,0.011
2.50251E+11,Mattapan,545135.224
2.50251E+11,Dorchester,0.006
2.50251E+11,Mattapan,431535.274
2.50251E+11,Mattapan,169600.689
2.50251E+11,Dorchester,0.087
2.50251E+11,Mattapan,275901.473
2.50251E+11,Dorchester,0.03
2.50251E+11,Mattapan,83069.785
2.50251E+11,Mattapan,160976.08
2.50251E+11,Dorchester,0.006
2.50251E+11,Mattapan,164613.256
2.50251E+11,Mattapan,152530.405
2.5026E+11,Dorchester,0
2.5026E+11,Jamaica Plain,0.012
2.5026E+11,Mattapan,572508.269
2.5026E+11,Roxbury,0.01
2.5025E+11,Charlestown,205491.884
2.5025E+11,North End,0.022
2.5025E+11,Charlestown,120786.169
2.5025E+11,Charlestown,55212.234
2.5025E+11,Charlestown,171707.974
2.5025E+11,Charlestown,82246.537
2.5025E+11,Charlestown,40879.906
2.5025E+11,Charlestown,121180.572
2.50251E+11,Roslindale,162039.77
2.5025E+11,Back Bay,0.015
2.5025E+11,Fenway,84285.156
2.5026E+11,Mattapan,0.14
2.5026E+11,Roslindale,699606.616
2.50251E+11,Jamaica Plain,400856.922
2.50251E+11,Mattapan,0
2.50251E+11,Roslindale,0.036
2.50251E+11,Jamaica Plain,0.056
2.50251E+11,Roslindale,214231.499
2.50251E+11,Roslindale,160788.095
2.50251E+11,Roslindale,201471.237
2.50251E+11,Hyde Park,0.047
2.50251E+11,Roslindale,0.031
2.50251E+11,West Roxbury,305120.548
2.50251E+11,East Boston,88921.455
2.5025E+11,Charlestown,59654.619
2.50251E+11,East Boston,110373.192
2.50251E+11,East Boston,75212.74
2.50251E+11,East Boston,29731.521
2.50251E+11,East Boston,501614.696
2.50251E+11,East Boston,38725.383
2.50251E+11,East Boston,38657.578
2.50251E+11,East Boston,93322.021
2.50251E+11,East Boston,86842.114
2.50251E+11,East Boston,62351.517
2.50251E+11,East Boston,334996.861
2.50251E+11,East Boston,118741.251
2.50251E+11,East Boston,87280.785
2.50251E+11,East Boston,203111.888
2.50251E+11,Roslindale,331790.482
2.50251E+11,Roslindale,312442.356
2.5025E+11,Brighton,116847.623
2.5025E+11,Brighton,152592.747
2.5025E+11,Brighton,261633.714
2.50251E+11,Roslindale,148642.505
2.50251E+11,Jamaica Plain,0.051
2.50251E+11,Roslindale,0.043
2.50251E+11,West Roxbury,1112244.41
2.50251E+11,Roslindale,0.072
2.50251E+11,West Roxbury,302518.735
2.50251E+11,Jamaica Plain,0.057
2.50251E+11,Roslindale,290444.439
2.50251E+11,Roslindale,315146.208
2.50251E+11,Jamaica Plain,302519.552
2.5025E+11,Brighton,162120.466
2.5025E+11,Brighton,383014.296
2.50251E+11,South Boston,46927.37
2.5025E+11,Brighton,75710.269
2.50251E+11,East Boston,787012.818
2.50251E+11,East Boston,121749.891
2.50251E+11,East Boston,73738.94
2.50251E+11,South Boston,80161.514
2.50251E+11,South Boston,91911.608
2.50251E+11,South Boston,80521.087
2.50251E+11,South Boston,86647.148
2.50251E+11,South Boston,87062.081
2.5025E+11,Allston,144820.27
2.5025E+11,Brighton,0.012
2.50251E+11,Jamaica Plain,787503.64
2.50251E+11,West Roxbury,0.006
2.50251E+11,Jamaica Plain,324748.803
2.50251E+11,Roxbury,0.036
2.50251E+11,Jamaica Plain,141687.515
2.5025E+11,Brighton,159469.784
2.5025E+11,Brighton,685052.589
2.5025E+11,Brighton,87336.959
2.5025E+11,Brighton,250375.949
2.5025E+11,Allston,0.018
2.5025E+11,Brighton,88402.784
2.5025E+11,Allston,65451.194
2.5025E+11,Brighton,0.007
2.5025E+11,Allston,72955.127
2.50251E+11,South Boston,74539.066
2.50251E+11,South Boston Waterfront,0.008
2.50251E+11,South Boston,89009.638
2.50251E+11,South Boston,39216.526
2.50251E+11,South Boston,50912.178
2.50251E+11,South Boston,65318.231
2.50251E+11,South Boston,63565.338
2.50251E+11,South Boston,65215.665
2.50251E+11,South Boston,43450.738
2.50251E+11,Dorchester,0
2.50251E+11,South Boston,115602.574
2.50251E+11,Jamaica Plain,96805.816
2.50251E+11,Jamaica Plain,164211.339
2.50251E+11,Jamaica Plain,144763.228
2.50251E+11,Jamaica Plain,188297.626
2.50251E+11,Jamaica Plain,251382.855
2.50251E+11,Jamaica Plain,251191.641
2.50251E+11,Jamaica Plain,63634.767
2.50251E+11,Jamaica Plain,228191.674
2.50251E+11,Mission Hill,0.033
2.50251E+11,Jamaica Plain,91790.471
2.50251E+11,Jamaica Plain,78226.879
2.50251E+11,Jamaica Plain,87279.029
2.5025E+11,Allston,42459.495
2.50251E+11,Hyde Park,418662.94
2.5025E+11,Allston,48433.796
2.5025E+11,Allston,109785.414
2.5025E+11,Allston,105042.926
2.50251E+11,South End,75036.619
2.50251E+11,Dorchester,0.085
2.50251E+11,Roxbury,936203.132
2.50251E+11,South Boston,0.052
2.50251E+11,South End,0.01
2.50251E+11,South End,65263.644
2.50251E+11,Back Bay,0.005
2.50251E+11,South End,87660.589
2.50251E+11,Jamaica Plain,82406.067
2.50251E+11,Roslindale,0.017
2.50251E+11,West Roxbury,197884.834
2.50251E+11,West Roxbury,511123.376
2.50251E+11,West Roxbury,257085.067
2.50251E+11,Roslindale,0.038
2.50251E+11,West Roxbury,365073.584
2.50251E+11,Roxbury,56581.037
2.50251E+11,South End,0.033
2.50251E+11,Roxbury,0.002
2.50251E+11,South Boston,0.085
2.50251E+11,South End,228997.89
2.50251E+11,Roxbury,90456.702
2.50251E+11,West Roxbury,408681.21
2.50251E+11,Roxbury,145711.181
2.50251E+11,Roxbury,231251.42
2.50251E+11,Hyde Park,0.015
2.50251E+11,West Roxbury,328014.131
2.50251E+11,Hyde Park,0.057
2.50251E+11,West Roxbury,240614.27
2.50251E+11,West Roxbury,203638.71
2.50251E+11,Hyde Park,0.094
2.50251E+11,West Roxbury,650881.677
2.50251E+11,Hyde Park,0.027
2.50251E+11,West Roxbury,1228133.161
2.50251E+11,Roxbury,115571.792
2.50251E+11,Hyde Park,513540.28
2.50251E+11,Mission Hill,106856.837
2.50251E+11,Mission Hill,83483.551
2.50251E+11,Longwood,0.008
2.50251E+11,Mission Hill,26906.091
2.50251E+11,West Roxbury,950698.715
2.50251E+11,Hyde Park,607801.932
2.50251E+11,Roxbury,106704.657
2.50252E+11,East Boston,0
2.5026E+11,East Boston,9019266.984
2.50251E+11,Roxbury,155961.917
2.50251E+11,Roxbury,180332.073
2.50251E+11,Roxbury,78819.752
2.50251E+11,Roxbury,124299.227
2.50251E+11,Roxbury,96055.175
2.50251E+11,Roxbury,130516.786
2.50251E+11,Roxbury,79141.965
2.50251E+11,Roxbury,102648.29
2.50251E+11,Roxbury,101197.289
2.50251E+11,Hyde Park,837682.177
2.50251E+11,Hyde Park,134726.86
2.50251E+11,South Boston,65245.673
2.50251E+11,Hyde Park,604694.39
2.50251E+11,Hyde Park,817406.116
2.5025E+11,Beacon Hill,29677.652
2.50251E+11,East Boston,43292.517
2.50251E+11,East Boston,135224.861
2.50251E+11,Dorchester,162905.543
2.50251E+11,Dorchester,78411.288
2.50251E+11,Dorchester,139116.548
2.50251E+11,Dorchester,0.057
2.50251E+11,Roxbury,164290.819
2.50251E+11,Roxbury,114885.475
2.50251E+11,Dorchester,88985.049
2.50251E+11,Roxbury,112981.859
2.50251E+11,Dorchester,109637.208
2.50251E+11,Dorchester,69095.61
2.50251E+11,Dorchester,84747.017
2.50251E+11,Dorchester,105075.178
2.50251E+11,Dorchester,74173.07
2.50251E+11,Dorchester,72044.395
2.50251E+11,Dorchester,134434.226
2.50251E+11,Roxbury,0.007
2.50251E+11,Dorchester,83053.309
2.50251E+11,Roxbury,0.02
2.50251E+11,Dorchester,0.032
2.50251E+11,Roxbury,108217.685
2.50251E+11,Hyde Park,411682.527
2.50251E+11,Dorchester,0.023
2.50251E+11,Roxbury,134382.029
2.50251E+11,Dorchester,0.039
2.50251E+11,Roxbury,108015.33
2.50251E+11,Hyde Park,287687.876
2.50251E+11,Hyde Park,265355.2
2.50251E+11,Hyde Park,214737.186
2.50251E+11,Hyde Park,277147.077
2.50251E+11,Hyde Park,250152.607
2.50251E+11,Hyde Park,74470.266
2.50251E+11,Mattapan,0.022
2.50251E+11,Hyde Park,191021.332
2.50251E+11,Mattapan,0.03
2.50251E+11,Dorchester,0.013
2.50251E+11,Roxbury,74519.526
2.50251E+11,Dorchester,0
2.50251E+11,Roxbury,116341.264
2.50251E+11,Dorchester,99678.681
2.50251E+11,Roslindale,165976.635
2.50251E+11,West Roxbury,226624.299
2.50251E+11,Dorchester,225569.971
2.50251E+11,South Boston,0.054
2.50251E+11,Dorchester,117675.365
2.50251E+11,Dorchester,623386.341
2.50251E+11,South Boston,0.051
2.50251E+11,Dorchester,328881.494
2.50251E+11,South Boston,0.01
2.50251E+11,Dorchester,347748.909
2.50251E+11,Hyde Park,251008.976
2.50251E+11,Mattapan,0.022
2.50251E+11,Hyde Park,150305.232
2.50251E+11,Hyde Park,270016.686
2.50251E+11,Mattapan,0.054
2.50251E+11,Hyde Park,694805.344
2.50251E+11,Mattapan,0
2.50251E+11,Roslindale,0.053
2.50251E+11,Hyde Park,0.067
2.50251E+11,Roslindale,254564.657
2.50251E+11,Jamaica Plain,77110.624
2.50251E+11,Mission Hill,0.016
2.50251E+11,Roxbury,0
2.50251E+11,Roxbury,154757.221
2.50251E+11,Jamaica Plain,199578.404
2.50251E+11,Roxbury,0.059
2.50251E+11,Dorchester,99934.669
2.50251E+11,South Boston,127127.268
2.50251E+11,Roxbury,104123.666
2.50251E+11,Roxbury,139951.92
2.5025E+11,Back Bay,80726.73
2.50251E+11,South Boston,96143.544
2.50251E+11,South Boston Waterfront,0
2.50251E+11,South End,64998.169
2.50251E+11,South Boston,78182.089
2.50251E+11,Roxbury,214839.615
2.50251E+11,South Boston,110152.955
2.50251E+11,Dorchester,70843.377
2.50251E+11,Hyde Park,204084.118
2.50251E+11,South Boston,72389.369
2.50251E+11,South Boston,53481.889
2.5025E+11,Back Bay,0.037
2.5025E+11,Fenway,26268.194
2.50251E+11,Dorchester,0.025
2.50251E+11,Roxbury,185323.668
2.5025E+11,Back Bay,0.001
2.5025E+11,Beacon Hill,57472.592
2.5025E+11,Brighton,64236.311
2.50251E+11,Mattapan,265948.743
2.5025E+11,Fenway,36931.672
2.5025E+11,Back Bay,51569.571
2.5025E+11,North End,18891.038
2.5025E+11,Back Bay,36302.605
2.5025E+11,Back Bay,44817.415
2.50251E+11,Dorchester,186092.739
2.50251E+11,Roslindale,154007.029
2.5025E+11,Charlestown,57669.188
2.50251E+11,Dorchester,124884.379
2.5025E+11,Brighton,85400.709
2.50251E+11,Mission Hill,40885.032
2.5025E+11,Fenway,41728.655
2.50251E+11,Dorchester,76686.571
2.5025E+11,Back Bay,60098.969
2.50251E+11,Dorchester,78459.024
2.5025E+11,Back Bay,148320.911
2.50251E+11,Dorchester,0.036
2.50251E+11,Roxbury,101804.227
2.5026E+11,South Boston,465352.338
2.5026E+11,South Boston Waterfront,0.093
2.50251E+11,Roxbury,179944.257
2.50251E+11,Hyde Park,247624.296
2.50251E+11,South Boston,85086.967
2.5025E+11,Allston,0.036
2.5025E+11,Brighton,84832.452
2.50251E+11,Dorchester,148935.638
2.50251E+11,Dorchester,0.022
2.50251E+11,Roxbury,97928.784
2.50251E+11,East Boston,131362.51
2.50251E+11,Roslindale,223214.877
2.50251E+11,Hyde Park,179290.143
2.50251E+11,South Boston,68649.276
2.5025E+11,Allston,39099.976
2.5025E+11,Charlestown,49456.089
2.50251E+11,East Boston,96798.338
2.50251E+11,Dorchester,156232.972
2.50251E+11,Roxbury,150395.814
2.50251E+11,Jamaica Plain,53267.438
2.50251E+11,Dorchester,108198.705
2.50251E+11,South Boston,101736.291
2.5025E+11,Back Bay,32886.147
2.5025E+11,Beacon Hill,0.018
2.5025E+11,Charlestown,49355.415
2.50251E+11,Dorchester,155970.586
2.50251E+11,Dorchester,96991.573
2.50251E+11,South Boston,62546.142
2.5025E+11,Fenway,101365.912
2.50251E+11,Roslindale,206593.839
2.5025E+11,North End,21432.643
2.50251E+11,South End,67773.872
2.50251E+11,Dorchester,80647.964
2.50251E+11,East Boston,727500.216
2.5026E+11,Fenway,0.138
2.5026E+11,Jamaica Plain,1086153.863
2.5026E+11,Longwood,0.08
2.5026E+11,Mission Hill,0.073
2.5026E+11,Dorchester,0.045
2.5026E+11,South Boston,2127300.343
2.5026E+11,South Boston Waterfront,0.01
2.50251E+11,East Boston,137017.019
2.50251E+11,Dorchester,183588.77
2.50251E+11,Dorchester,166369.176
2.50251E+11,Mattapan,128095.691
2.50251E+11,Dorchester,136911.644
2.50251E+11,South Boston,82503.938
2.50251E+11,South Boston,63781.934
2.50251E+11,Dorchester,0.037
2.50251E+11,Mattapan,136335.67
2.50251E+11,Dorchester,107204.016
2.50251E+11,Roslindale,154851.994
2.50251E+11,Dorchester,106433.82
2.5025E+11,Allston,0
2.5025E+11,Brighton,177211.781
2.5025E+11,Beacon Hill,29548.423
2.50251E+11,Roxbury,136699.894
2.5025E+11,Brighton,126505.161
2.50251E+11,West Roxbury,159938.959
2.5025E+11,Fenway,39813.418
2.50251E+11,East Boston,73447.241
2.50251E+11,Jamaica Plain,81447.326
2.50251E+11,Roxbury,0.016
2.5025E+11,Back Bay,35331.177
2.5025E+11,South End,0.029
2.5025E+11,North End,44688.548
2.50251E+11,Dorchester,116881.487
2.50251E+11,Dorchester,136799.99
2.5025E+11,Brighton,269292.198
2.5025E+11,Brighton,366786.955
2.50251E+11,Dorchester,106855.936
2.50251E+11,Roxbury,0.029
2.50251E+11,South End,163107.008
2.50251E+11,Longwood,0.023
2.50251E+11,Mission Hill,88077.668
2.5025E+11,Back Bay,156192.208
2.5025E+11,Beacon Hill,0.009
2.5025E+11,Downtown,0.005
2.5025E+11,South End,0.011
2.5025E+11,Charlestown,1678126.587
2.50251E+11,East Boston,220626.752
2.50251E+11,East Boston,227343.569
2.5026E+11,East Boston,1279683.117
2.50252E+11,East Boston,0.022
2.5026E+11,East Boston,745757.421
2.5025E+11,Fenway,145888.204
2.5025E+11,Jamaica Plain,0
2.5025E+11,Fenway,68311.67
2.5025E+11,Jamaica Plain,0.007
2.50251E+11,Jamaica Plain,0.035
2.50251E+11,Roslindale,363584.773
2.5026E+11,Jamaica Plain,1138933.624
2.5026E+11,Roslindale,0.101
2.50251E+11,Jamaica Plain,530598.066
2.50251E+11,Fenway,0.023
2.50251E+11,Mission Hill,196282.329
2.50251E+11,Roxbury,0.037
2.5025E+11,Fenway,84520.603
2.5025E+11,Back Bay,92414.598
2.5025E+11,Beacon Hill,0.022
2.5025E+11,Back Bay,47170.051
2.5025E+11,Back Bay,54334.207
2.5025E+11,Back Bay,74124.232
2.50251E+11,Jamaica Plain,150705.39
2.50251E+11,Mission Hill,108750.264
2.5025E+11,Fenway,43380.945
2.5025E+11,Jamaica Plain,0.031
2.5025E+11,Beacon Hill,0.004
2.5025E+11,Fenway,0.012
2.5025E+11,West End,263315.308
2.5025E+11,Charlestown,338754.423
2.5025E+11,North End,0
2.5025E+11,West End,0.005
2.5025E+11,Fenway,145011.238
2.50251E+11,East Boston,82932.199
2.50251E+11,Dorchester,366482.027
2.50251E+11,South Boston,0.007
2.50251E+11,South Boston,49676.922
2.5025E+11,Brighton,221955.967
2.5025E+11,Fenway,0.001
2.5025E+11,Back Bay,60427.931
2.5026E+11,Hyde Park,2942003.561
2.5026E+11,Roslindale,0.118
2.5026E+11,West Roxbury,0.001
2.50251E+11,Hyde Park,0.034
2.50251E+11,Roslindale,222589.441
2.50252E+11,Harbor Islands,0.064
2.50251E+11,Dorchester,1193786.554
2.50251E+11,South Boston,0.001
2.50251E+11,South Boston,148881.864
2.50251E+11,Dorchester,194998.739
2.5026E+11,Dorchester,0.141
2.5026E+11,Jamaica Plain,0.001
2.5026E+11,Roxbury,2108840.522
2.50251E+11,Chinatown,0.01
2.50251E+11,Downtown,0.026
2.50251E+11,South Boston,0.012
2.50251E+11,South End,121646.21
2.50251E+11,Hyde Park,492632.762
2.50251E+11,Jamaica Plain,103281.53
2.50251E+11,Dorchester,126784.657
2.50251E+11,Dorchester,570311.741
2.50252E+11,East Boston,0.096
2.50251E+11,East Boston,1049760.866
2.50251E+11,West Roxbury,162271.991
2.50251E+11,Hyde Park,278725.615
2.50251E+11,Roslindale,0.008
2.5025E+11,Charlestown,752077.434
2.5025E+11,East Boston,0.067
2.5025E+11,North End,0.006
2.50251E+11,Dorchester,822695.768
2.5026E+11,Harbor Islands,8662684.799
2.50251E+11,East Boston,519644.437
2.50251E+11,East Boston,298702.663
2.5025E+11,Back Bay,0
2.5025E+11,Fenway,26567.459
2.50252E+11,East Boston,0.003
2.50251E+11,Hyde Park,0.035
2.50251E+11,Jamaica Plain,0
2.50251E+11,Roslindale,348211.093
2.5025E+11,Back Bay,0.03
2.5025E+11,Fenway,103527.225
2.50251E+11,Roxbury,174744.898
2.5025E+11,Back Bay,98883.989
2.5025E+11,Fenway,0
2.50251E+11,Roxbury,95353.896
2.50251E+11,Dorchester,157287.21
2.50251E+11,Roxbury,0.003
2.50251E+11,Dorchester,768332.422
2.50251E+11,Hyde Park,0.072
2.50251E+11,West Roxbury,245032.277
2.50251E+11,Roxbury,170843.376
2.50251E+11,Dorchester,176290.332
2.50251E+11,Jamaica Plain,237711.641
2.50251E+11,Roxbury,0.021
2.50251E+11,Jamaica Plain,0
2.50251E+11,Mattapan,0.021
2.50251E+11,Roslindale,417074.928
2.50251E+11,Jamaica Plain,340185.6
2.50251E+11,Mission Hill,168610.503
2.50251E+11,Roxbury,0.009
2.50251E+11,East Boston,284619.086
2.50251E+11,Hyde Park,0.016
2.50251E+11,Roslindale,215734.03
2.50251E+11,Hyde Park,730539.698
2.50251E+11,Roslindale,0.042
2.50251E+11,Jamaica Plain,234900.683
2.50251E+11,Dorchester,447845.063
2.50251E+11,Jamaica Plain,524142.367
2.5025E+11,Charlestown,893938.83
2.5025E+11,East Boston,0.053
2.50251E+11,Dorchester,96904.307
2.5026E+11,Beacon Hill,328738.68
2.5026E+11,Downtown,0.068
2.50251E+11,Roxbury,294594.518
2.50251E+11,South Boston,366606.287
2.50251E+11,South Boston Waterfront,0.056
2.5025E+11,Fenway,40461.796
2.5025E+11,Jamaica Plain,0.002
2.5025E+11,Fenway,45372.943
2.5025E+11,Jamaica Plain,0.012
2.50251E+11,Jamaica Plain,348073.901
2.50251E+11,Roxbury,0.007
2.5025E+11,Downtown,477384.276
2.5025E+11,North End,0.042
2.5025E+11,Allston,0.096
2.5025E+11,Brighton,896290.632
2.5025E+11,Fenway,0.003
2.50251E+11,Chinatown,107601.605
2.50251E+11,Downtown,0.058
2.50251E+11,Chinatown,33090.974
2.50251E+11,Downtown,0.004
2.5025E+11,Allston,401867.11
2.5025E+11,Fenway,0.066
2.5025E+11,North End,39369.39
2.5026E+11,South Boston,0.134
2.5026E+11,South Boston Waterfront,2081280.299
2.50251E+11,Dorchester,0
2.50251E+11,South Boston,562011.066
2.5025E+11,Charlestown,0.007
2.5025E+11,North End,0.02
2.5025E+11,West End,294329.681
2.5025E+11,Downtown,0.014
2.5025E+11,North End,0.026
2.5025E+11,West End,39344.667
2.50251E+11,West Roxbury,282849.692
2.5025E+11,Allston,0.01
2.5025E+11,Brighton,42555.012
2.5025E+11,Brighton,100846.953
2.5025E+11,Allston,168341.925
2.5025E+11,Back Bay,0
2.5025E+11,Fenway,115852.288
2.5025E+11,Jamaica Plain,0.007
2.5025E+11,Back Bay,0.006
2.5025E+11,Fenway,37051.656
2.5025E+11,Allston,122301.467
2.50251E+11,West Roxbury,747237.69
2.50251E+11,West Roxbury,773846.618
2.5026E+11,Mattapan,240842.527
2.5025E+11,Brighton,47063.263
2.50251E+11,West Roxbury,414123.728
2.5025E+11,Downtown,0.032
2.5025E+11,North End,60131.787
2.5025E+11,Downtown,0.024
2.5025E+11,West End,105709.437
2.5025E+11,Allston,846973.699
2.5025E+11,Fenway,0.133
2.5025E+11,Downtown,181891.699
2.5025E+11,South Boston Waterfront,0.059
2.5025E+11,Allston,218591.935
2.5025E+11,Fenway,0.052
2.50251E+11,Jamaica Plain,0.003
2.50251E+11,Mission Hill,23524.823
2.5025E+11,Allston,164763.24
2.50251E+11,Downtown,0.014
2.50251E+11,South End,83261.488
2.5025E+11,North End,42564.625
2.50251E+11,Jamaica Plain,50677.493
2.50251E+11,Roxbury,0.037
2.50251E+11,West Roxbury,426314.739
2.50252E+11,East Boston,0.126
2.50251E+11,Chinatown,0
2.50251E+11,South End,67541.21
2.5025E+11,Brighton,54768.286
2.50251E+11,West Roxbury,188379.07
2.50251E+11,Chinatown,0.008
2.50251E+11,South End,125543.117
2.5025E+11,Back Bay,102064.626
2.5025E+11,South End,0.033
2.5026E+11,West Roxbury,339927.499
2.50251E+11,Downtown,26533.553
2.50251E+11,South End,67315.247
2.50251E+11,Roxbury,173477.791
2.50251E+11,Mission Hill,122287.832
2.5025E+11,Allston,0.029
2.5025E+11,Brighton,171144.841
2.5025E+11,Allston,0.047
2.5025E+11,Brighton,312487.478
2.50251E+11,Chinatown,0.01
2.50251E+11,Downtown,0.025
2.50251E+11,South End,59740.033
2.50251E+11,Chinatown,30941.156
2.50251E+11,West Roxbury,290658.883
2.50251E+11,Jamaica Plain,75806.95
2.50251E+11,Jamaica Plain,0.004
2.50251E+11,Mission Hill,254580.807
2.5025E+11,Allston,121952.657
2.50251E+11,Roxbury,260179.919
2.50251E+11,Chinatown,147604.583
2.50251E+11,Downtown,0.017
2.5025E+11,Allston,138948.102
2.50251E+11,South End,75790.575
2.50251E+11,South End,52085.059
2.50251E+11,Roxbury,127952.703
2.5025E+11,Fenway,37558.419
2.5025E+11,Fenway,59380.591
2.50251E+11,South End,82098.572
2.50251E+11,Jamaica Plain,107376.963
2.50251E+11,South End,49330.747
2.5025E+11,North End,41091.913
2.50251E+11,Chinatown,0.001
2.50251E+11,Downtown,16573.922
2.50251E+11,Beacon Hill,0
2.50251E+11,Downtown,50304.84
2.50251E+11,South End,0.009
2.50252E+11,East Boston,0.025
2.50251E+11,Mission Hill,91073.759
2.50251E+11,Roxbury,0.074
2.5025E+11,Allston,140302.135
2.5025E+11,Allston,108976.954
2.50251E+11,Jamaica Plain,116343.536
2.50251E+11,Mission Hill,0
2.50251E+11,Beacon Hill,0.001
2.50251E+11,Chinatown,0.045
2.50251E+11,Downtown,110941.204
2.5025E+11,West End,75404.138
2.50251E+11,West Roxbury,228302.448
2.5025E+11,Fenway,34912.105
2.5025E+11,Allston,109622.62
2.5025E+11,Allston,0.009
2.5025E+11,Brighton,55253.746
2.5025E+11,Allston,0.009
2.5025E+11,Brighton,27862.124
2.50251E+11,Jamaica Plain,94256.126
2.50251E+11,Mission Hill,0.011
2.50251E+11,South End,55547.938
2.50251E+11,Mattapan,142066.715
2.5025E+11,Brighton,88059.823
2.50251E+11,Mission Hill,85261.108
2.50251E+11,Roslindale,127646.425
2.50251E+11,Jamaica Plain,105288.891
2.50251E+11,Roxbury,226711.259
2.50251E+11,East Boston,179079.125
2.5026E+11,West Roxbury,1724201.413
2.5026E+11,Jamaica Plain,1005787.173
2.5026E+11,Mattapan,0.061
2.5026E+11,Roxbury,0.083
2.5025E+11,Allston,319744.357
2.5025E+11,Allston,81870.537
2.5025E+11,Brighton,0.028
2.50251E+11,Jamaica Plain,0.095
2.50251E+11,Roslindale,174293.636
2.50251E+11,West Roxbury,264087.697
2.5025E+11,Downtown,214703.617
2.5025E+11,North End,0.003
2.5025E+11,Fenway,38378.327
2.50251E+11,Fenway,0.003
2.50251E+11,Longwood,275977.215
2.50251E+11,Mission Hill,0.027
2.50251E+11,South End,66199.749
2.5025E+11,Brighton,131284.761
2.50251E+11,Jamaica Plain,184980.885
2.50251E+11,Roxbury,0.104
2.5025E+11,Allston,287852.791
2.50251E+11,Roxbury,84500.42
2.50251E+11,Downtown,95869.074
2.50252E+11,East Boston,0.042
2.50251E+11,South End,57244.284
2.50251E+11,South End,125084.786
